src,CCLE,CTRPv2,GDSCv1,GDSCv2,gCSI
CCLE,0.01184553203964238,0.02803625988504087,0.022462759277803616,0.037360240793882095,0.04209353600046102
CTRPv2,0.012472870191403015,0.0027223109224554266,0.009555700743927581,0.016830643982956212,0.016438882761697183
GDSCv1,0.009886035676557289,0.015711425391422194,0.004497722364075465,0.013994756226086908,0.02491199078037268
GDSCv2,0.056294373728339765,0.01914799637945027,0.008693697701356036,0.0037159461588154837,0.02224443865278564
gCSI,0.026414686202542496,0.02156546188675922,0.013329752448711797,0.020791437963804015,0.010808132545733228
