,gCSI,CCLE,GDSCv2,GDSCv1,CTRPv2,Mean across models
DeepCDR,0.72,0.766,0.76,0.704,0.811,0.7522
DeepTTC,0.759,0.789,0.775,0.737,0.849,0.7817999999999999
GraphDRP,0.736,0.746,0.765,0.733,0.855,0.767
HiDRA,0.711,0.756,0.768,0.722,0.832,0.7578
LGBM,0.782,0.801,0.764,0.695,0.784,0.7652000000000001
tCNNS,0.591,0.705,0.648,0.575,0.639,0.6316
UNO,0.774,0.796,0.775,0.738,0.841,0.7848
Mean across datasets,0.7247142857142856,0.7655714285714287,0.7507142857142858,0.7005714285714285,0.8015714285714287,
