,CCLE,CTRPv2,GDSCv1,GDSCv2,gCSI
CCLE,1.0,0.03441295546558704,0.05442176870748299,0.07142857142857142,0.375
CTRPv2,0.7083333333333334,1.0,0.3843537414965986,0.42857142857142855,0.75
GDSCv1,0.6666666666666666,0.22874493927125505,1.0,0.4583333333333333,0.875
GDSCv2,0.5,0.145748987854251,0.2619047619047619,1.0,0.8125
gCSI,0.25,0.024291497975708502,0.047619047619047616,0.07738095238095238,1.0
