src,CCLE,CTRPv2,GDSCv1,GDSCv2,gCSI
CCLE,0.025336656853794198,0.0566015498013276,0.06556332928449975,0.07434521137296578,0.11771843156799415
CTRPv2,0.028919414290652312,0.035721604373032026,0.01482616168345182,0.017915332293119705,0.031714288349461627
GDSCv1,0.02619791468373288,0.04259199744827613,0.03631724447945778,0.03878469626180996,0.01589324329716262
GDSCv2,0.045922676844576085,0.05977284755225411,0.027048436625171396,0.043716920542123075,0.017741975026581903
gCSI,0.04318329938130729,0.024545665441171708,0.033333968195307116,0.033723944502653404,0.036594660521865954
