model,CCLE,CTRPv2,GDSCv1,GDSCv2,gCSI
deepcdr,-0.22474999999999998,0.35757500000000003,0.12919999999999998,0.094275,-0.37160000000000004
graphdrp,-0.335125,0.31762500000000005,0.22840000000000002,0.192425,-0.5562750000000001
hidra,-0.13495000000000001,0.25727500000000003,0.06355,0.07669999999999999,-0.963125
lgbm,-0.571975,0.443175,0.33804999999999996,0.081525,-0.564775
tcnns,-0.3651,0.23175,0.28287500000000004,0.14479999999999998,-0.330475
uno,-0.26444999999999996,0.438,0.354875,0.251925,-0.6976749999999999
